{
    "data": "./data/images/tiny-imagenet-200",
    "load_dim": 64,
    "crop_dim": 56,
    "mean": [120.94365593, 113.68772887, 99.6798221],
    "std": [68.73304916, 66.44590252, 69.13904857],
    "opt": {
        "lr": 0.16946924958406587
    }
}